Data,Otwarcie,Najwyzszy,Najnizszy,Zamkniecie,Wolumen
2023-10-11,47.7,47.7,41,44.5,60670
2023-10-12,44.995,45.7,44.2,44.2,11565
2023-10-13,44.2,44.25,41.6,41.8,7940
2023-10-16,41.64,44.69,41.5,41.5,3790
2023-10-17,42,42.8,41.21,42,3216
2023-10-18,42.5,43.44,42.5,43.44,3837
2023-10-19,43.425,46.1,43.425,46.1,22270
2023-10-20,46,49.59,46,48,22018
2023-10-23,49.5,49.5,44.11,44.81,11061
2023-10-24,45.485,45.49,43.5,44.15,6480
2023-10-25,44.375,44.8,43.82,44,2928
2023-10-26,44,44.9,43.84,44.9,1033
2023-10-27,44.01,44.4,43.6,44,3149
2023-10-30,44,44.395,43.6,43.6,2757
2023-10-31,43.6,44.34,43.6,44,1686
2023-11-02,44,44.9,43.995,44,4275
2023-11-03,44.56,44.56,43.5,43.5,2083
2023-11-06,43.01,43.9,43,43.3,589
2023-11-07,43.3,43.3,40.52,41.2,7773
2023-11-08,42.3,42.3,40.54,40.9,1638
2023-11-09,40.9,40.9,37.1,38.58,8992
2023-11-10,38.58,38.58,34.995,36.895,5436
2023-11-13,35.11,36.68,29,31.685,32513
2023-11-14,31.1,33.4,30,33.395,4663
2023-11-15,33.4,34.35,31.22,33.5,4247
2023-11-16,33.45,34,32.61,34,1599
2023-11-17,33,34.28,31.9,34.25,7131
2023-11-20,32.705,33.915,32.705,33,1493
2023-11-21,33.87,35,33.71,34.92,1140
2023-11-22,34.94,39.88,34.94,39.88,3486
2023-11-23,39.5,42,37.2,42,9895
2023-11-24,43.9,43.9,39.2,41,3216
2023-11-27,41,41,37.5,39.385,2611
2023-11-28,39.75,39.75,37.8,39.38,164
2023-11-29,37.9,39.29,36.1,37.99,2350
2023-11-30,37.99,38.05,37.45,37.995,940
2023-12-01,38.45,39.39,37.995,38.99,861
2023-12-04,38.96,39.195,36,36.5,1362
2023-12-05,36.8,37.94,36.5,36.5,2636
2023-12-06,37.2,37.68,36.5,37.6,180
2023-12-07,36.505,37.38,36.5,37.38,621
2023-12-08,36.51,37.36,36,36.5,1036
2023-12-11,36.005,36.89,36,36.86,630
2023-12-12,36.505,36.85,36.3,36.3,405
2023-12-13,36.02,36.81,36,36.6,896
2023-12-14,36.58,36.8,36,36.8,1891
2023-12-15,36.81,36.81,35.7,36.4,798
2023-12-18,35.805,36.005,35.8,35.8,1839
2023-12-19,36.4,36.4,35.9,36.395,277
2023-12-20,35.905,36.1,35.8,35.8,2901
2023-12-21,35.66,37,34,35.405,3089
2023-12-22,36.295,36.98,36,36.6,1573
2023-12-27,36.6,36.6,35.52,36,1323
2023-12-28,36.575,36.575,35.205,36.495,731
2023-12-29,36.5,37.995,36.5,37,1362
2024-01-02,37,37,35.52,36,607
2024-01-03,36,36.3,35.8,35.8,463
2024-01-04,36,36.9,35.8,36.88,1744
2024-01-05,36.89,36.89,35.805,36.46,385
2024-01-08,36.46,36.95,35.8,36.95,1441
2024-01-09,36.945,36.99,36.945,36.99,470
2024-01-10,36.99,36.995,36.34,36.5,176
2024-01-11,36.5,36.88,35.91,36.88,294
2024-01-12,36.88,36.99,36.11,36.99,234
2024-01-15,36.8,36.99,36.4,36.99,105
2024-01-16,36.99,36.99,36.3,36.98,71
2024-01-17,36.975,36.975,36.95,36.95,72
2024-01-18,36.34,36.99,36.34,36.99,26
2024-01-19,36.99,37,36.08,36.8,513
2024-01-22,36.81,37,36.8,36.995,221
2024-01-23,36.7,37,36.7,37,250
2024-01-24,37,39.92,37,37,2135
2024-01-25,38.295,38.295,36.72,37.5,360
2024-01-26,37.7,37.8,37,37.795,1126
2024-01-29,37.7,38.16,37,38,2105
2024-01-30,38.155,41,38.15,39.605,5761
2024-01-31,39.54,39.605,38.54,39.6,776
2024-02-01,39.605,39.84,38.56,39.79,545
2024-02-02,40,40.35,39.78,40.34,1748
2024-02-05,40.35,43,40.34,42.79,1436
2024-02-06,42.78,42.78,41.315,42.05,590
2024-02-07,41.9,42.74,41.85,42.5,269
2024-02-08,42.5,42.68,40,40,860
2024-02-09,41.89,41.895,39.2,39.67,922
2024-02-12,39.5,39.5,38.56,39.28,1256
2024-02-13,39,39,36,38.16,4677
2024-02-14,37.87,37.88,36.5,36.5,614
2024-02-15,36.995,37.88,33,34.4,3891
2024-02-16,34.5,37,34.5,36.295,441
2024-02-19,36.295,36.295,35.5,36.195,652
2024-02-20,36,36.18,35,36.18,2203
2024-02-21,35.6,36.28,35.3,36.28,267
2024-02-22,36.29,36.5,35.8,36.5,980
2024-02-23,36.35,39.35,36.35,38.495,694
2024-02-26,38.45,38.45,37.7,38.38,93
2024-02-27,37,38.44,37,37.98,555
2024-02-28,37.98,37.98,36.8,37,177
2024-02-29,36.995,37.46,36.66,36.66,423
2024-03-01,36.66,37.44,35.705,35.705,1591
2024-03-04,36.46,36.46,34.5,34.5,520
2024-03-05,34.4,36,34.4,36,1027
2024-03-06,36.195,36.2,34.41,35.4,664
2024-03-07,35.795,35.795,33,34.86,1006
2024-03-08,33.6,35.49,33.6,35,940
2024-03-11,35.795,36.5,35,35.995,1030
2024-03-12,36.495,36.495,34.06,35.98,778
2024-03-13,35.98,35.98,35.98,35.98,10
2024-03-14,35.7,35.7,34.9,35.495,134
2024-03-15,35.48,37,35.48,36.2,400
2024-03-18,36.195,37.86,35.48,36.38,1939
2024-03-19,36.5,36.5,33.8,35.8,735
2024-03-20,35.63,35.63,33,35.4,1716
2024-03-21,33.37,35,33,33.99,2049
2024-03-22,34,34,33.99,34,199
2024-03-25,34,34.7,32.47,34,1969
2024-03-26,33.2,33.995,33,33.97,715
2024-03-27,32.5,33.5,29.2,30.005,6176
2024-03-28,31.36,32.8,30.02,31.8,3837
2024-04-02,33.6,35,32.2,33.9,1954
2024-04-03,33.75,33.75,33.5,33.55,91
2024-04-04,33.55,33.55,32,32.4,1163
2024-04-05,32.8,34,32.75,34,832
2024-04-08,33.95,34,33,33.9,995
2024-04-09,33.85,34.85,33.85,33.85,1048
2024-04-10,33.9,33.95,32.7,33.6,1265
2024-04-11,33.9,34,33.05,33.65,888
2024-04-12,33.95,34,33.65,33.65,1986
2024-04-15,33,33.65,32,33.2,1049
2024-04-16,33.2,37.5,33.2,34.5,1171
2024-04-17,34.9,35,34.1,34.5,1919
2024-04-18,35.4,35.4,34.2,35,3625
2024-04-19,35.4,35.7,34.2,34.9,6307
2024-04-22,35.5,35.7,34.4,35.65,1521
2024-04-23,34.7,35.5,34.35,35.5,192
2024-04-24,35.45,35.45,34.35,35.35,588
2024-04-25,34.4,35.1,33.2,34,1531
2024-04-26,33.8,34.15,33.8,34.1,292
2024-04-29,34.1,35,33.95,34.8,361
2024-04-30,34.8,35.1,34.2,35.1,123
2024-05-02,35.15,35.15,34.3,35.1,122
2024-05-06,35.1,35.35,34.35,35.35,713
2024-05-07,35.35,35.4,34.05,34.95,1897
2024-05-08,34.15,34.7,33.7,34,1365
2024-05-09,34,35.15,33.75,35.15,468
2024-05-10,34.4,34.4,33.8,34,500
2024-05-13,35.05,36.5,33.4,33.4,4441
2024-05-14,34.3,35.8,34.3,35.6,1783
2024-05-15,35.3,36.5,34.7,36.3,3665
2024-05-16,36.5,36.85,29.2,34.75,7876
2024-05-17,34.75,34.95,34.05,34.7,1007
2024-05-20,34.7,34.7,30,33.15,6518
2024-05-21,32.75,33.3,30.6,32.9,2084
2024-05-22,32.9,34.3,32.6,33.9,1359
2024-05-23,33.8,33.85,32.8,33.85,91
2024-05-24,33.15,33.75,32.8,33.4,270
2024-05-27,33.5,34.3,33.05,34.2,363
2024-05-28,34.2,34.2,33.4,33.95,425
2024-05-29,33.55,33.95,31.9,33.2,1003
2024-05-31,33.45,34.1,33.3,34.1,400
2024-06-03,34.1,34.55,34.1,34.4,11
2024-06-04,34.3,34.7,33.35,34.5,1118
2024-06-05,33.65,34.05,33.35,34.05,1145
2024-06-06,34.1,34.5,33.4,33.95,221
2024-06-07,33.95,34.95,33.95,34.9,493
2024-06-10,34.7,34.7,33.75,34.4,262
2024-06-11,34.45,34.45,33.15,34.3,333
2024-06-12,34.55,34.55,33.1,33.85,781
2024-06-13,33.85,34.35,33.2,34.35,303
2024-06-14,34.25,34.3,33.2,34.3,427
2024-06-17,34.3,34.4,34,34.4,686
2024-06-18,34.4,34.4,34,34.35,79
2024-06-19,34.35,34.4,34.35,34.4,57
2024-06-20,34.4,34.4,34,34.35,361
2024-06-21,33.95,34.5,33.95,34.5,435
2024-06-24,34.5,34.6,32.55,34.4,773
2024-06-25,33.15,34.4,33.15,34.4,3
2024-06-26,33.95,34,33.95,34,50
2024-06-27,33.65,34.15,33.65,33.75,165
2024-06-28,34.1,34.25,34.1,34.25,71
2024-07-01,34.25,34.3,34,34.3,112
2024-07-02,33.9,34.1,33.8,34.1,185
2024-07-03,34,34,33.85,33.85,44
2024-07-04,34,34,33.9,33.9,122
2024-07-05,33.5,34.1,33.45,34.1,1543
2024-07-08,34.1,36.1,34.1,35.3,2868
2024-07-09,35.55,35.9,35.1,35.9,1554
2024-07-10,35.75,36.1,35.75,36.1,500
2024-07-11,35.45,36.1,35.45,36.05,370
2024-07-12,36.1,36.1,34.8,36,825
2024-07-15,36,36,35.2,35.3,625
2024-07-16,35.9,35.9,34.8,34.8,661
2024-07-17,35.45,36,35.3,35.3,351
2024-07-18,35.3,35.3,34.9,34.9,120
2024-07-19,34.95,35.05,34.85,35.05,97
2024-07-22,35.1,35.85,35.1,35.85,266
2024-07-23,35.2,35.75,35.15,35.75,105
2024-07-24,35.15,35.15,35,35,232
2024-07-25,34.95,35.7,34.95,35.1,169
2024-07-26,35.1,35.2,34.7,35.1,638
2024-07-29,34.7,35.2,34.6,35.2,560
2024-07-30,35.15,36.3,35.15,36.3,2485
2024-07-31,36.3,36.3,35.6,36.1,716
2024-08-01,36.1,36.1,35.4,35.7,379
2024-08-02,35.15,35.15,34.3,35,1264
2024-08-05,34.1,34.5,32,33.9,2460
2024-08-06,32.5,33.95,32.5,33,2330
2024-08-07,33,33.9,33,33.9,1168
2024-08-08,34.2,35,34,34,2841
2024-08-09,36,36.75,35.1,35.3,2392
2024-08-12,37,37,35.5,35.85,1817
2024-08-13,36.4,36.8,35.9,36.75,1578
2024-08-14,36.75,38.5,36.5,37.5,2433
2024-08-16,38.5,39.5,38,38.6,2522
2024-08-19,39.9,43.9,39.15,40.25,27740
2024-08-20,41.9,43.8,41.2,42.75,6802
2024-08-21,43.2,43.7,40.7,42.8,6487
2024-08-22,42.8,42.8,40.85,41.7,1668
2024-08-23,42.5,42.5,41,42.35,1250
2024-08-26,38.8,41.65,37.7,40.5,11602
2024-08-27,40.85,42,40.8,41.55,1390
2024-08-28,41.95,42,41.25,41.55,867
2024-08-29,41.95,41.95,39.95,41,2865
2024-08-30,40.2,41.4,40.2,40.5,645
2024-09-02,41.15,41.95,40.5,40.55,1017
2024-09-03,40.55,43.9,40,41.7,10503
2024-09-04,42.5,43,41.6,42.45,3154
2024-09-05,42.45,42.8,40.6,42.1,1490
2024-09-06,42.2,42.2,41,42.05,355
2024-09-09,41.1,42.05,41.1,42.05,1038
2024-09-10,42,42.05,41.05,41.05,719
2024-09-11,41.4,41.4,40.15,40.9,800
2024-09-12,40.85,40.9,40.5,40.6,582
2024-09-13,41.1,41.2,40.7,40.7,698
2024-09-16,41,41.25,40.6,41.25,900
2024-09-17,41.05,42.95,41.05,42,1842
2024-09-18,42.3,42.5,41.95,42.25,823
2024-09-19,42.2,42.4,41.7,42,952
2024-09-20,42.25,42.8,41,41,1251
2024-09-23,42.35,42.65,36.6,39.65,3672
2024-09-24,39.8,41.5,39.8,40.05,523
2024-09-25,40.2,40.2,39.3,40.15,1697
2024-09-26,39.4,39.95,39.4,39.9,520
2024-09-27,40,40.15,39.2,39.75,1064
2024-09-30,39.8,39.8,39.75,39.75,80
2024-10-01,39,39,38.45,38.45,1256
2024-10-02,38,38.35,37,37.9,948
2024-10-03,37.9,37.9,37,37.8,357
2024-10-04,37,37.8,36,37.8,2886
2024-10-07,37.95,40.35,36.15,40.15,5113
2024-10-08,40.15,40.6,37.6,39,7741
2024-10-09,39.5,40.75,38.5,39.65,2656
2024-10-10,38.5,39.95,38.5,38.8,1581
2024-10-11,38.95,39,36.55,37.65,4452
2024-10-14,36.65,37.95,35.9,37.55,2426
2024-10-15,37.55,37.7,36.6,36.95,2134
2024-10-16,36.95,37.6,36,36,5061
2024-10-17,35.8,35.8,35.1,35.4,3796
2024-10-18,35.6,37.15,35.6,37,916
2024-10-21,36.6,36.7,36.5,36.5,1238
2024-10-22,36.5,37.8,35.85,37,891
2024-10-23,37.25,37.25,36.3,36.3,683
2024-10-24,36.8,37,36.75,36.75,190
2024-10-25,36.95,37.45,36.75,37,494
2024-10-28,37,37,36.3,36.9,434
2024-10-29,36.9,37.45,36.9,37.45,149
2024-10-30,37.45,39.9,37.45,39.35,1895
2024-10-31,39.5,39.5,38.25,38.5,543
2024-11-04,38.8,40.15,38.8,39,3580
2024-11-05,39.5,39.95,36.9,38.2,4994
2024-11-06,38.25,38.25,37,37,555
2024-11-07,38,38.1,37,37.4,1317
2024-11-08,37.6,39.85,37.6,38.95,2139
2024-11-12,38.5,39.9,36.95,38.3,5732
2024-11-13,38.25,38.25,36.95,37.7,3124
2024-11-14,37.65,37.65,34,36.4,11675
2024-11-15,36.3,36.75,35,35.95,1349
2024-11-18,35.95,35.95,33.95,35.85,4105
2024-11-19,34.5,35.2,34,34.1,3486
2024-11-20,34.85,36.4,34.15,34.85,4442
2024-11-21,34.85,35.6,34.6,35.6,504
2024-11-22,35.6,36.15,34.3,35.2,3582
2024-11-25,35.4,35.45,34.4,35.05,372
2024-11-26,35.25,35.5,34.4,34.4,3957
2024-11-27,34.45,35,33.3,35,10211
2024-11-28,34.65,36.2,34.65,35.05,1842
2024-11-29,35.2,35.85,35.2,35.5,1017
2024-12-02,35.75,35.95,35.5,35.85,1105
2024-12-03,35.9,37.75,35.9,37,3735
2024-12-04,37.4,37.55,36.3,37.5,695
2024-12-05,37.55,37.8,37,37.75,700
2024-12-06,37.8,38.1,36,36,1300
2024-12-09,35.6,37.3,35.6,37,885
2024-12-10,37.3,37.3,36,36.5,2312
2024-12-11,36.15,36.9,35.1,36.6,1812
2024-12-12,36.6,37.15,36.6,36.95,1541
2024-12-13,37,38,36.65,38,1447
2024-12-16,37.9,37.9,37.15,37.75,472
2024-12-17,37.9,37.9,37.15,37.3,2475
2024-12-18,37,38.85,37,38.35,3164
2024-12-19,38.85,38.95,38.4,38.4,126
2024-12-20,38.9,43.6,38.35,42.4,12367
2024-12-23,42.4,45,41.85,42.45,8791
2024-12-27,42.45,43.5,41.9,42.7,2815
2024-12-30,43.25,44.75,42.9,43.3,3065
2025-01-02,43.95,46.25,42.7,44,2468
2025-01-03,44.15,45.65,43.5,45.55,1941
2025-01-07,45.55,45.55,44.2,44.6,548
2025-01-08,44,44.5,43.1,43.25,877
2025-01-09,43.7,47.95,43.3,45,6412
2025-01-10,45.45,45.45,44,44,634
2025-01-13,44.4,44.4,43.05,43.95,1441
2025-01-14,44.35,44.35,43.55,44.3,56
2025-01-15,44.05,44.95,43.8,44.95,444
2025-01-16,44.95,49.5,44.5,48,7462
2025-01-17,48.95,49.6,44.6,46.85,7852
2025-01-20,46.85,47.45,45,45.85,2078
2025-01-21,45.35,47.4,44.55,47.4,781
2025-01-22,47.4,48.45,45.3,47.6,2463
2025-01-23,47.55,49.95,47,49.6,4316
2025-01-24,49.6,49.75,48.1,48.6,2267
2025-01-27,48,48.6,45.85,46.55,3805
2025-01-28,46.6,47.7,46.55,47.25,1279
2025-01-29,47.45,47.85,47,47,1104
2025-01-30,46.95,47,46.5,46.5,904
2025-01-31,46.5,48.15,43.8,48,6339
2025-02-03,48.4,49.65,47.3,48.85,2289
2025-02-04,49.65,49.65,48.05,49.6,1067
2025-02-05,49,49.9,48.75,49.45,1564
2025-02-06,49.55,55.5,49.5,54,7850
2025-02-07,54.2,59,53.4,59,7830
2025-02-10,59,65.4,59,61.4,9148
2025-02-11,61.3,62.5,60,61.8,2181
2025-02-12,61.2,62,58.2,58.5,3275
2025-02-13,58.5,63.4,58.5,62.4,5863
2025-02-14,62.5,62.9,60,61.5,2176
2025-02-17,61.5,62.9,60,62,1816
2025-02-18,62.1,64.2,62,63.8,2100
2025-02-19,63.9,63.9,60.5,61.9,1024
2025-02-20,61,61,59.4,60.4,1201
2025-02-21,60,62.2,55.8,58.9,1635
2025-02-24,58.9,58.9,55.6,57.5,1577
2025-02-25,57.8,58.8,56.2,56.4,798
2025-02-26,56.7,59.8,56.7,58.9,533
2025-02-27,58.5,62.5,58.2,61.8,1765
2025-02-28,61.8,62.2,60.1,60.7,767
2025-03-03,62,63.9,61.2,63.9,1700
2025-03-04,63.2,63.7,60.5,62.7,2204
2025-03-05,62.9,64.1,61.4,62.7,1205
2025-03-06,63.5,63.6,61,63.5,1657
2025-03-07,63.5,66,62.2,64,7205
2025-03-10,64.9,69.8,64.9,69.6,10449
2025-03-11,70,74.9,68.7,71,5404
2025-03-12,70,70.9,68.7,69.8,4588
2025-03-13,70.1,71,69.8,70.2,2757
2025-03-14,70.8,73.2,70.4,71.1,4887
2025-03-17,72,73.8,69.4,73.1,2427
2025-03-18,73.4,74,71,71,2441
2025-03-19,72,74.5,72,73.4,3818
2025-03-20,73.2,73.9,70.4,71.8,2695
2025-03-21,71.8,72.6,70.7,72.4,952
2025-03-24,71.9,71.9,65.6,70.7,11739
2025-03-25,70.7,70.7,66.9,68.8,4277
2025-03-26,68.4,69.4,66.3,69.4,2503
2025-03-27,67.2,69.8,67.2,69.7,2947
2025-03-28,69.7,69.7,67.5,69,1267
2025-03-31,67.5,69,67,68,2416
2025-04-01,69.6,69.6,66,67,4275
2025-04-02,67.2,67.2,64,65.8,3357
2025-04-03,65.8,67,61.6,63.4,5547
2025-04-04,63.6,63.8,57,57,10158
2025-04-07,54.8,57.4,50.2,57.2,12276
2025-04-08,59,59.8,57,58.8,3903
2025-04-09,58.8,58.8,55.2,56.8,2116
2025-04-10,61.2,61.6,59.4,60,3341
2025-04-11,63.2,65,61.2,62,9804
2025-04-14,62.2,66.4,62.2,66,7133
2025-04-15,66.6,69.4,66,67,12891
2025-04-16,67,68.4,65.6,68,3881
2025-04-17,68.2,68.2,65.6,66.2,7350
2025-04-22,67.6,69.4,67.6,68.6,6524
2025-04-23,69.2,69.2,61.2,67,9329
2025-04-24,65.2,67,65,66,2107
2025-04-25,66.6,66.6,64.6,65.6,899
2025-04-28,64.6,66,63.6,65.4,1450
2025-04-29,65,65,63,63.6,5275
2025-04-30,63.8,63.8,63.2,63.8,852
2025-05-02,63.8,67,63.8,66.8,1148
2025-05-05,66.8,68.6,66,66.8,1527
2025-05-06,66.8,66.8,63,65.8,2222
2025-05-07,65,69,65,67.2,3545
2025-05-08,67.2,68.4,66,68.4,2999
2025-05-09,68.6,71.8,68.4,70.2,5120
2025-05-12,70,70,67.6,67.6,2568
2025-05-13,67.4,69.2,65.4,66.2,3807
2025-05-14,66.4,68.2,66,67.2,2642
2025-05-15,68,70.4,68,70,7479
2025-05-16,70.4,70.6,68.6,70,2707
2025-05-19,70.2,70.2,68.6,69.4,1459
2025-05-20,69.4,69.4,68,69,969
2025-05-21,68.8,70,67,68.6,2151
2025-05-22,68.4,68.4,66,67,2102
2025-05-23,67,67.4,63.4,66,3433
2025-05-26,66.6,69.2,65.8,68,2913
2025-05-27,68,69.6,66.6,69.6,1897
2025-05-28,70,70.4,68.2,69.8,1812
2025-05-29,69.8,69.8,67.6,67.8,812
2025-05-30,68,68.4,66.8,67.4,1116
2025-06-02,67.6,69.8,64.4,69.8,1250
2025-06-03,69.6,70,68,68.8,1172
2025-06-04,69.2,74.2,68,72.4,8000
2025-06-05,73,75.8,73,75,6145
2025-06-06,75,79.4,72,79.2,4827
2025-06-09,79.4,80.4,77.8,80.2,4721
2025-06-10,81,82,77.6,79,2301
2025-06-11,77.8,79.8,77.8,79.6,1246
2025-06-12,78.8,80,78.4,78.4,454
2025-06-13,79,81.8,76.6,79.4,5035
2025-06-16,79,79,77.6,77.8,1102
2025-06-17,79.8,89,79,89,13157
2025-06-18,90,91.8,82,82.2,7147
2025-06-20,82.4,85.8,80.2,82.2,2168
2025-06-23,82,92.6,81,85.2,26688
2025-06-24,83.2,85.6,79.8,81.6,10938
2025-06-25,82,84.6,80.2,81,15056
2025-06-26,82,87.8,82,84,6801
2025-06-27,85.8,87.8,80,82,14695
2025-06-30,81.8,82.2,79.8,81.2,12086
2025-07-01,83,93.6,83,91.4,23150
2025-07-02,92.2,92.2,89,91.6,10578
2025-07-03,92,105.5,90.6,99.8,23308
2025-07-04,101.5,108.5,100,104.5,23419
2025-07-07,105.5,113,103,112,15639
2025-07-08,114,118.5,106,109,16564
2025-07-09,109,113,99.2,101.5,18070
2025-07-10,101.5,109,100.5,104,6803
2025-07-11,103.5,104.5,98,103.5,4714
2025-07-14,103,113,100.5,110,5872
2025-07-15,110,115.5,106.5,107.5,7493
2025-07-16,106.5,112.5,105.5,110.5,4379
2025-07-17,111,114,109,111.5,7307
2025-07-18,112,117,111.5,115.5,6537
2025-07-21,116,127,116,124.5,11570
2025-07-22,127,128,117,120,10420
2025-07-23,121,125,119,122.5,4214
2025-07-24,123.5,124,117,118.5,6593
2025-07-25,117.5,119,114,119,4854
2025-07-28,117.5,121.5,115,117,4603
2025-07-29,117,117,114.5,117,3814
2025-07-30,117,117,114,116,4397
2025-07-31,115.5,116,108,113,6024
2025-08-01,109.5,111,106.5,108,4473
2025-08-04,108.5,112,104.5,109,4273
2025-08-05,110,113,107,107,2007
2025-08-06,108.5,111,105.5,108.5,2857
2025-08-07,107,108.5,104,106,3697
2025-08-08,105.5,113.5,104,110.5,2432
2025-08-11,111,119,111,115.5,4538
2025-08-12,115.5,115.5,112,113,2541
2025-08-13,115,122.5,115,117.5,14440
2025-08-14,118,119,114.5,116,6120
2025-08-18,117,119,117,118,2593
2025-08-19,117.5,117.5,113,113.5,2544
2025-08-20,113.5,114,111.5,112,1973
2025-08-21,112,115,111.5,114,3322
2025-08-22,114,118,112.5,116,5014
2025-08-25,117,132,116.5,132,15827
2025-08-26,133,137.5,127.5,131.5,8086
2025-08-27,131.5,131.5,126,127,5035
2025-08-28,127,132,127,130,2396
2025-08-29,130,133,128,129,3245
2025-09-01,130,137,128,135,4884
2025-09-02,138,143,136,142.5,7746
2025-09-03,142.5,143.5,140,142.5,4080
2025-09-04,142.5,147,134,138.5,9543
2025-09-05,138.5,140,136,138.5,2431
2025-09-08,139,140,127.5,130.5,9183
2025-09-09,130.5,135.5,130.5,131,3058
2025-09-10,131.5,133,123,130,9449
2025-09-11,130,132,126.5,130,4221
2025-09-12,130,134,128.5,133.5,2977
2025-09-15,133.5,139.5,132.5,135,3779
2025-09-16,137,144.5,137,139,13353
2025-09-17,140,144.5,139,143,7104
2025-09-18,143,144,141,141,11207
2025-09-19,142,143.5,136,138,5583
2025-09-22,138,139.5,133.5,137,4365
2025-09-23,136.5,143,136.5,142.5,3268
2025-09-24,144,149,144,148.5,7614
2025-09-25,149,149,140,145,5335
2025-09-26,145,151,142,151,6850
2025-09-29,150.5,161.5,150,158.5,13222
2025-09-30,158,161,157,160.5,8134
2025-10-01,158,169,154,167.5,18189
2025-10-02,169.5,186,169,184.5,18306
2025-10-03,190,192.5,175.5,177,24721
2025-10-06,177,180,170,173.5,12242
2025-10-07,172.5,176,164.5,165.5,10133
2025-10-08,165.5,179.5,161,175,14867
2025-10-09,178,182,175,176.5,9228
2025-10-10,178.5,178.5,170,174,4879
2025-10-13,170,172,164,166,8988
2025-10-14,166,168,159.5,163,8822
2025-10-15,163,173.5,163,171.5,4495
2025-10-16,173.5,173.5,167,167.5,2460
2025-10-17,168,171,164.5,168,2381
2025-10-20,168,177,168,176.5,4994
2025-10-21,176.5,183.5,175,179,8905
2025-10-22,179,180,173.5,176.5,4496
2025-10-23,174.5,178,173.5,174,2350
2025-10-24,174,175,170.5,170.5,2767
2025-10-27,172.5,179,172.5,174,4503
2025-10-28,175,175,168,170,5158
2025-10-29,170,173,166,170,3672
2025-10-30,170,178.5,165,177.5,5807
2025-10-31,178,179,172,173.5,2768
2025-11-03,176,181,172.5,175.5,3863
2025-11-04,175.5,175.5,170.5,172.5,2050
2025-11-05,172,177.5,171,173.5,1744
2025-11-06,175,178,173,175,1836
2025-11-07,175,175,170,171,2776
2025-11-10,173,176,171,174,1797
2025-11-12,175,181,175,176.5,6990
2025-11-13,178,181.5,171.5,180,4619
2025-11-14,179,179.5,172,174.5,2395
2025-11-17,172,172,166,168,5356
2025-11-18,168,168,161,167,6726
2025-11-19,167,169,163.5,166.5,2336
2025-11-20,167,168,163.5,166,2819
2025-11-21,164,164,151.5,153.5,19844
2025-11-24,158,179,157,176,14177
2025-11-25,183,188,173.5,181.5,11049
2025-11-26,182,182,178.5,179,1742
2025-11-27,179,185,174.5,185,10985
2025-11-28,184,184,178,179.5,3893
2025-12-01,180,180.5,174,175,3508
2025-12-02,175.5,178,174,177,1769
2025-12-03,177.5,177.5,166.5,169.5,5462
2025-12-04,170.5,172,162,169.5,2597
2025-12-05,169.5,173,166,168,2506
2025-12-08,172.5,172.5,168.5,171,1682
2025-12-09,171,172.5,165.5,169,2258
2025-12-10,166.5,171,166,170,1843
2025-12-11,171.5,172,168,171,1134
2025-12-12,171.5,171.5,166,168,3052
2025-12-15,169,169.5,159,160.5,6733
2025-12-16,160,162,155,156,7355
2025-12-17,170,171,162.5,166,5085
2025-12-18,166,166,160,160.5,1410
2025-12-19,161,163,157.5,160,3819
2025-12-22,161,171,158,170,5904
2025-12-23,174.5,178.5,170,177.5,6131
2025-12-29,178,179,175,177,3030
2025-12-30,178,178,171.5,174,2908
2026-01-02,174,182.5,174,181.5,9240
2026-01-05,180,185,179,179,5051
2026-01-07,179,179.5,173,175.5,6012
2026-01-08,173,182,170.5,177.5,6778
2026-01-09,179.5,184,174.5,183.5,7926
2026-01-12,184.5,204,181,201,18308
2026-01-13,203,215,200,214,16430
2026-01-14,216,216,201,211,7245
2026-01-15,212,224,206,223,6341
2026-01-16,222,241,220,237,12196
2026-01-19,239,260,234,237,17332
2026-01-20,239,239,216,218,22108
2026-01-21,217,226,216,220,7889
2026-01-22,227,255,220,250,18957
2026-01-23,248,256,241,245,8943
2026-01-26,250,258,242,252,9904
2026-01-27,252,255,239,255,10874
2026-01-28,257,273,255,264,12758
2026-01-29,270,280,260,262,16469
2026-01-30,268,281,265,281,12839
2026-02-02,280,280,265,275,10497
2026-02-03,277,277,269,270,6463
2026-02-04,271,271,247,249,14479
2026-02-05,253,254,225,230,18763
2026-02-06,227,250,222,250,11029
2026-02-09,252,263,247,250,10084
2026-02-10,252,255,232,243,6027
2026-02-11,241,253,237,243,3259
2026-02-12,249,249,238,239,3382
2026-02-13,237,249,233,249,5809
2026-02-16,249,251,243,245,3202
2026-02-17,250,266,247,257,10000
2026-02-18,265,276,264,276,12106
2026-02-19,277,296,272,296,23435
2026-02-20,294,306,284,290,20522
2026-02-23,297,299,286,295,6159
2026-02-24,298,299,287,294,4619
2026-02-25,296,296,290,296,4027
2026-02-26,298,312,294,306,11040
2026-02-27,311,332,306,330,18520
2026-03-02,319,340,306,331,14058
2026-03-03,338,338,307,313,19447
2026-03-04,308,334,308,327,7712
2026-03-05,334,369,331,361,19572
2026-03-06,361,365,345,359,11803
2026-03-09,350,350,337,345,10260
2026-03-10,349,362,347,350,8205
2026-03-11,356,357,339,351,4993
2026-03-12,352,352,324,334,6407
2026-03-13,334,336,317,325,8232
2026-03-16,325,329,306,326,9123
2026-03-17,329,347,320,343,7555
2026-03-18,348,359,344,355,6437
2026-03-19,354,354,341,348,3338
2026-03-20,351,355,338,343,2876
2026-03-23,335,337,307,327,16545
2026-03-24,331,331,318,321,4851
2026-03-25,324,348,324,337,6561
2026-03-26,338,352,325,333,7519
2026-03-27,340,345,320,320,5157
2026-03-30,321,328,305,313,8465
2026-03-31,314,323,308,319,6756
2026-04-01,327,340,320,334,9900
2026-04-02,334,334,312,321,10223
2026-04-07,323,332,312,314,9651
2026-04-08,328,349,324,339,14518
2026-04-09,342,359,328,359,11891
2026-04-10,364,410,360,410,40117
2026-04-13,400,412,390,405,10042
2026-04-14,408,416,398,399,7188
2026-04-15,399,410,398,405,4838
2026-04-16,410,411,385,398,7769
2026-04-17,407,457,398,455,28481
2026-04-20,452,474,436,462,11939
2026-04-21,468,468,445,460,9238
2026-04-22,463,468,438,452,11072
2026-04-23,450,450,410,444,14470
2026-04-24,448,448,425,430,3471
2026-04-27,430,433,405,416,9815
2026-04-28,415,419,374,379,20737
2026-04-29,372,382,341,368,22022
2026-04-30,364,373,355,363,6830
2026-05-04,363,395,358,367,10889
2026-05-05,367,376,358,368,5931
2026-05-06,372,403,371,385,15557
2026-05-07,396,397,346,358,21162
2026-05-08,359,368,350,350,5565
2026-05-11,356,361,341,341,9513
2026-05-12,344,346,335,338,7082
2026-05-13,336,357,324,341,13363
2026-05-14,342,357,339,350,9814
2026-05-15,353,355,340,344,4384
2026-05-18,344,366,344,348,11703
2026-05-19,350,352,315,320,21901
2026-05-20,337,348,324,345,11142
2026-05-21,348,362,340,359,17680
2026-05-22,360,396,348,392,36092
2026-05-25,409,422,380,385,22882
2026-05-26,385,390,367,374,12862
2026-05-27,376,379,346,364,18368
2026-05-28,340,363,335,347,16774
2026-05-29,349,380,348,359,15989
2026-06-01,372,375,337,362,13327
2026-06-02,357,375,345,356,13834
2026-06-03,353,359,347,351,6177
2026-06-05,356,369,349,349,6166
2026-06-08,343,367,336,367,12236
2026-06-09,368,368,352,356,5465
2026-06-10,356,363,341,356,7478
2026-06-11,356,379,351,372,18160
2026-06-12,380,385,342,342,33288
2026-06-15,360,360,329,330,13126
2026-06-16,330,344,325,330,8941
2026-06-17,335,342,321,328,7214
2026-06-18,320,329,318,322,6551
2026-06-19,323,325,291,304,15073
